time,x,y,angular_z
13.3,2.227868836008959,-0.5995691378234566,-0.38447510330439866
13.32,2.2435802519844863,-0.6119444939726368,-0.3848720238530164
13.34,2.259195940054264,-0.6244404258651626,-0.385261183487488
13.36,2.2747148767975607,-0.6370563137121387,-0.38564273206356453
13.38,2.290136043676861,-0.6497915260000716,-0.3860168166136232
13.4,2.305458427159287,-0.6626454195952244,-0.3863835813974949
13.42,2.320681018836312,-0.6756173398479681,-0.3867431679523528
13.44,2.33580281554178,-0.6887066206971219,-0.3870957151419146
13.46,2.350822819468247,-0.7019125847742849,-0.3874413592040796
13.48,2.36574003828167,-0.7152345435081564,-0.3877802337986247
13.5,2.3805534852344468,-0.7286717972288339,-0.3881124700543689
13.52,2.3952621792768376,-0.7422236352720976,-0.38843819661398965
13.54,2.4098651451667763,-0.7558893360836724,-0.38875753968010873
13.56,2.424361413578089,-0.7696681673234592,-0.3890706230590077
13.58,2.438750021207148,-0.7835593859697513,-0.3893775682044991
13.6,2.4530300108779493,-0.797562238423409,-0.3896784942610706
13.62,2.467200431645429,-0.811675960611767,-0.38997351809192105
13.64,2.4812603388979815,-0.8258997780932432,-0.3902627543757168
13.66,2.4952087944579557,-0.8402329061614171,-0.3905463155643759
13.68,2.5090448666801843,-0.8546745499485761,-0.3908243119786653
13.7,2.5227676305497795,-0.8692239045299683,-0.3910968518339598
13.72,2.5363761677782115,-0.8838801550277626,-0.3913640412784925
13.74,2.5498695668979443,-0.8986424767149677,-0.39162598443176067
13.76,2.5632469233556305,-0.9135100351193034,-0.39188278342187355
13.78,2.5765073396038978,-0.928481986127028,-0.39213453842225837
13.8,2.58964992519173,-0.9435574760867137,-0.3923813476881438
13.82,2.602673796853453,-0.9587356419129758,-0.3926233075916016
13.84,2.615578078596356,-0.9740156111901478,-0.3928605126567937
13.86,2.628361901786947,-0.9893965022759044,-0.3930930555941227
13.88,2.6410244052358616,-1.0048774244048295,-0.3933210273342782
13.9,2.6535647352814156,-1.0204574777919002,-0.39354451705946136
13.92,2.665982045871922,-1.0361357537360112,-0.39376361224183487
13.94,2.678275498646616,-1.0519113347233515,-0.3939783986673072
13.96,2.6904442630152845,-1.0677832945306973,-0.39418896047198254
13.98,2.7024875162366575,-1.0837506983287195,-0.39439538017238046
14.02,2.726194237978565,-1.1159680561681713,-0.39479611540597653
14.04,2.7378561009490006,-1.1322160984490401,-0.39499058814226107
14.06,2.749389241819925,-1.1485557614055784,-0.39518123323787424
14.08,2.760792878226482,-1.1649860687249,-0.3953681255532612
14.1,2.772066236096818,-1.1815060361063539,-0.3955513385030462
14.12,2.7832085497218153,-1.198114671364339,-0.39573094408318416
14.14,2.7942190618236675,-1.2148109745310638,-0.39590701289795693
14.16,2.8050970236230737,-1.2315939379589418,-0.3960796141550203
14.18,2.8158416949054548,-1.2484625464231645,-0.39624881581485266
14.2,2.8264523440872793,-1.265415777226248,-0.39641468443062616
14.22,2.836928248278298,-1.282452600297872,-0.396577285296558
14.24,2.8472686933449745,-1.2995719782982686,-0.3967366824423993
14.26,2.857472973972163,-1.3167728667205554,-0.3968929386559298
14.28,2.86754039372366,-1.3340542139929954,-0.39704611550733676
14.3,2.877470265101658,-1.351414961581177,-0.3971962733727536
14.32,2.8872619096045358,-1.3688540440891026,-0.39734347143281856
14.34,2.896914657785864,-1.386370389364299,-0.3974877677887124
14.36,2.9064278493088342,-1.4039629185966784,-0.3976292193435171
14.38,2.915800833001987,-1.4216305464214563,-0.3977678819177573
14.4,2.9250329669132777,-1.4393721810209428,-0.39790381024668786
14.42,2.934123618363098,-1.4571867242262704,-0.3980370580016607
14.44,2.9430721639962467,-1.4750730716190317,-0.3981676778094509
14.46,2.951877989832875,-1.4930301126328407,-0.39829572127287033
14.48,2.9605404913184,-1.5110567306548113,-0.39842123899018256
14.5,2.9690590733724043,-1.5291518031269564,-0.3985442805742408
14.52,2.9774331504365152,-1.5473142016475,-0.39866489467168514
14.54,2.985662146521298,-1.5655427920721112,-0.39878312898096085
14.56,2.9937454952521327,-1.583836434615045,-0.398899030270824
14.58,3.0016826399141285,-1.6021939839502124,-0.3990126443980949
14.6,3.0094730334960222,-1.6206142893121473,-0.39912401632516425
14.62,3.017116138733135,-1.639096194596901,-0.39923319013708775
14.64,3.024611428149343,-1.657638538462839,-0.39934020905878204
14.66,3.0319583840980915,-1.6762401544313545,-0.399445115471068
14.68,3.0391564988024533,-1.6948998709874887,-0.39954795092724277
14.7,3.046205274394239,-1.713616511680465,-0.39964875616884604
14.72,3.05310422295217,-1.7323888952241286,-0.39974757114162945
14.74,3.059852866539103,-1.7512158355972902,-0.3998444350103986
14.76,3.066450737238339,-1.7700961421439851,-0.3999393861743188
14.78,3.0728973771889976,-1.7890286196736276,-0.4000324622819378
14.8,3.079192338620477,-1.8080120685610768,-0.40012370024518057
14.82,3.085335183885999,-1.827045284846601,-0.4002131362538215
14.84,3.0913254854952483,-1.8461270603357474,-0.4003008057898571
14.86,3.097162826146107,-1.8652561826991096,-0.40038674363994486
14.88,3.1028467987554937,-1.8844314355719938,-0.4004709839105073
14.9,3.10837700648931,-1.9036515986539897,-0.40055356003957454
14.92,3.1137530627915004,-1.9229154478084314,-0.400634504810468
14.94,3.1189745914122304,-1.9422217551617582,-0.4007138503644018
14.96,3.1240412264351853,-1.9615692892027625,-0.40079162821200975
14.98,3.1289526123039964,-1.9809568148817434,-0.4008678692471435
15.02,3.138308266305954,-2.019846883856453,-0.4010158614373572
15.04,3.142751875351825,-2.0393469402510767,-0.40108767139796825
15.06,3.1470389171158213,-2.058882014678989,-0.4011580621801711
15.08,3.151169088207499,-2.0784508558813393,-0.40122706176457973
15.1,3.1551420957368492,-2.0980522096533276,-0.40129469758231096
15.12,3.1589576573347413,-2.1176848189425312,-0.40136099652632756
15.14,3.162615501172531,-2.137347423947175,-0.40142598496249876
15.16,3.1661153659808265,-2.157038762214245,-0.40148968873811086
15.18,3.1694570010674306,-2.176757568737466,-0.40155213319311445
15.2,3.1726401663344475,-2.1965025760551664,-0.40161334316983904
15.22,3.1756646322945725,-2.2162725143480144,-0.40167334302268537
15.24,3.1785301800865637,-2.2360661115366343,-0.4017321566270466
15.26,3.1812366014898923,-2.2558820933790815,-0.40178980738972336
15.28,3.183783698938579,-2.2757191835681865,-0.40184631825725475
15.3,3.1861712855342326,-2.2955761038287688,-0.4019017117248381
15.32,3.1883991850582682,-2.3154515740147206,-0.401956009845813
15.34,3.1904672319833347,-2.335344312205932,-0.4020092342398189
15.36,3.192375271483934,-2.355253034805087,-0.40206140610124225
15.38,3.1941231594462502,-2.3751764566343296,-0.40211254620734893
15.4,3.1957107624771814,-2.3951132910317616,-0.4021626749272646
15.42,3.197137957912585,-2.4150622499477987,-0.4022118122287017
15.44,3.1984046338247363,-2.435022044041399,-0.4022599776869645
15.46,3.1995106890289975,-2.454991382776101,-0.4023071904921252
15.48,3.200456033089714,-2.474968974515949,-0.40235346945603445
15.5,3.2012405863253277,-2.494953526621221,-0.4023988330209051
15.52,3.2018642798127126,-2.514943745544035,-0.40244329926522115
15.54,3.2023270553907452,-2.534938336923767,-0.40248688591217263
15.56,3.2026288656630997,-2.5549360056823165,-0.4025296103351943
15.58,3.2027696740002796,-2.5749354561192037,-0.40257148956647837
15.6,3.202749454540882,-2.594935392006497,-0.4026125403018245
15.62,3.2025681921921048,-2.614934516683568,-0.4026527789088075
15.64,3.2022258826294876,-2.6349315331516805,-0.4026922214322955
15.66,3.201722532295907,-2.654925144168375,-0.4027308836006842
15.68,3.2010581583998077,-2.6749140523417223,-0.4027687808332683
15.7,3.2002327889126914,-2.6948969602243382,-0.40280592824446854
15.72,3.199246462565852,-2.7148725704072514,-0.4028423406518071
15.74,3.1980992288463654,-2.7348395856135816,-0.4028780325798989
15.76,3.196791147992338,-2.754796708792003,-0.4029130182672744
15.78,3.195322290987414,-2.7747426432100237,-0.4029473116722488
15.8,3.1936927395545402,-2.7946760925470975,-0.40298092647716854
15.82,3.191902586149,-2.8145957609874857,-0.4030138760949906
15.84,3.189951933950713,-2.8345003533129507,-0.403046173673905
15.86,3.1878408968558007,-2.854388574995229,-0.4030778321032852
15.88,3.1855695994674234,-2.8742591322883193,-0.40310886401777146
15.9,3.1831381770858935,-2.894110732320525,-0.4031392818029355
15.92,3.180546775698066,-2.9139420831862948,-0.4031690976000094
15.94,3.177795551966002,-2.933751894037856,-0.403198323310685
15.96,3.1748846732149203,-2.953538875176608,-0.40322697060165386
15.98,3.171814317420421,-2.9733017381443227,-0.4032550509098953
16.02,3.165195939773888,-3.012749962480992,-0.40330955520022627
16.04,3.1616483270000684,-3.032432753952687,-0.40333600094479427
16.06,3.157942055308744,-3.0520862876395647,-0.4033619232398705
16.08,3.154077355710971,-3.071709282644826,-0.4033873324379836
16.1,3.15005446977666,-3.0913004598541765,-0.40341223868528475
16.12,3.1458736496168482,-3.110858542025397,-0.403436651929273
16.14,3.141535157865274,-3.130382253877601,-0.4034605819205463
16.16,3.1370392676592664,-3.1498703221802447,-0.4034840382170033
16.18,3.132386262619939,-3.169321475841886,-0.4035070301884753
16.2,3.1275764368316903,-3.1887344459986675,-0.4035295670187573
16.22,3.1226100948210123,-3.2081079661025544,-0.4035516577109339
16.24,3.1174875515346185,-3.227440772009296,-0.4035733110899404
16.26,3.1122091323168877,-3.2467316020661197,-0.40359453580690663
16.28,3.1067751728866213,-3.265979197199142,-0.40361534034157875
16.3,3.1011860193131287,-3.285182301000509,-0.40363573300619016
16.32,3.0954420279916297,-3.304339659815248,-0.40365572194926697
16.34,3.0895435656179884,-3.323450022827841,-0.40367531515768285
16.36,3.08349100916277,-3.3425121421485042,-0.40369452046118015
16.38,3.0772847458446337,-3.3615247728991733,-0.40371334553412974
16.4,3.0709251731030536,-3.380486673299196,-0.40373179789992875
16.42,3.0644126985703775,-3.399396604750727,-0.40374988493264113
16.44,3.057747740043228,-3.4182533319238106,-0.4037676138612754
16.46,3.0509307254532367,-3.437055622841162,-0.4037849917713101
16.48,3.0439620928371287,-3.4558022489626388,-0.40380202560886186
16.5,3.0368422903061445,-3.474491985269393,-0.40381872218210557
16.52,3.0295717760148206,-3.493123610347709,-0.40383508816513614
16.54,3.0221510181291107,-3.5116959064725166,-0.40385113010012896
16.56,3.014580494793871,-3.53020765969058,-0.4038668543994372
16.58,3.0068606940996934,-3.548657659903354,-0.40388226734915444
16.6,2.998992114049096,-3.567044700949516,-0.4038973751111083
16.62,2.9909752625220913,-3.585367580687132,-0.4039121837243007
16.64,2.982810657241093,-3.6036251010755347,-0.4039266991100101
16.66,2.9744988257352034,-3.621816068256817,-0.4039409270712161
16.68,2.9660403053038755,-3.6399392926369876,-0.4039548732971121
16.7,2.957435642979936,-3.6579935889667707,-0.4039685433632021
16.72,2.948685395491993,-3.675977776422051,-0.40398194273587296
16.74,2.9397901292262136,-3.6938906786839687,-0.40399507677276736
16.76,2.9307504201874877,-3.7117311240186353,-0.404007950725576
16.78,2.9215668539599693,-3.7294979453565014,-0.40402056974280576
16.8,2.9122400256670136,-3.747189980371334,-0.4040329388699729
16.82,2.9027705399304913,-3.7648060715588323,-0.40404506305397514
16.84,2.8931590108295016,-3.782345066314861,-0.40405694714320717
16.86,2.883406061858482,-3.799805817013301,-0.4040685958903349
16.88,2.873512325884708,-3.817187181083517,-0.40408001395385196
16.9,2.8634784451052027,-3.8344880210874304,-0.4040912059006108
16.92,2.8533050710030463,-3.851707204796205,-0.4041021762066308
16.94,2.842992864303088,-3.8688436052665263,-0.4041129292593876
16.96,2.8325424949270754,-3.88589610091649,-0.40412346936006865
16.98,2.8219546419481936,-3.902863575601081,-0.4041338007242751
17.02,2.8003692469548804,-3.9365390251285213,-0.40415385369099366
17.04,2.78937310842669,-3.953244795539346,-0.404163583314606
17.06,2.7782422931731303,-3.9698611362688068,-0.40417312024697366
17.08,2.7669775253223157,-3.9863869594740784,-0.40418246830336113
17.1,2.7555795378688823,-4.002821183193383,-0.4041916312230462
17.12,2.744049072624497,-4.019162731418532,-0.40420061267148727
17.14,2.7323868801678164,-4.035410534167036,-0.4042094162416163
17.16,2.7205937197938845,-4.0515635275537605,-0.40421804545476575
17.18,2.708670359462975,-4.067620653862164,-0.40422650376409897
17.2,2.6966175757488866,-4.083580861615063,-0.4042347945529497
17.22,2.6844361537866805,-4.09944310564497,-0.4042429211380289
17.24,2.672126887219883,-4.115206347163973,-0.4042508867709164
17.26,2.6596905781470284,-4.130869553833279,-0.4042586946431512
17.28,2.6471280370680943,-4.1464316998317985,-0.40426634786888344
17.3,2.6344400828298173,-4.161891765924955,-0.40427384951517603
17.32,2.621627542570801,-4.1772487395326765,-0.4042812025831067
17.34,2.608691251666047,-4.192501614796917,-0.40428841001792687
17.36,2.5956320536708977,-4.207649392648826,-0.40429547469788735
17.38,2.5824508002647586,-4.222691080875054,-0.40430239945183866
17.4,2.569148351193823,-4.237625694184182,-0.4043091870513902
17.42,2.5557255742140756,-4.252452254271721,-0.40431584017497313
17.44,2.54218334503258,-4.267169789886028,-0.4043223615570574
17.46,2.528522547248122,-4.281777336893785,-0.4043287537719799
17.48,2.5147440722938503,-4.296273938342284,-0.4043350193772297
17.5,2.500848819377011,-4.3106586445238815,-0.40434116088051125
17.52,2.4868376954188913,-4.324930513039153,-0.40434718073871856
17.54,2.4727116149942847,-4.339088608859528,-0.4043530813611126
17.56,2.458471500270463,-4.353132004389441,-0.40435886510893215
17.58,2.444118280945669,-4.367059779527936,-0.40436453429667446
17.6,2.4296528941871283,-4.380871021729785,-0.40437009119335776
17.62,2.415076284568591,-4.394564826066065,-0.4043755380220774
17.64,2.400389404007394,-4.4081402952842295,-0.4043808769629192
17.66,2.3855932117010705,-4.4215965398676325,-0.40438611015247977
17.68,2.370688674063495,-4.434932678094532,-0.40439123968539653
17.7,2.3556767646605574,-4.44814783609657,-0.4043962676140008
17.72,2.340558464145394,-4.4612411479167005,-0.404401195950491
17.74,2.325334760193169,-4.474211755566583,-0.4044060266673966
17.76,2.3100066474354137,-4.487058809083431,-0.40441076169836815
17.78,2.2945751273939052,-4.499781466586328,-0.40441540293776684
17.8,2.2790412084141316,-4.512378894331972,-0.4044199522436173
17.82,2.2634059055983204,-4.524850266769871,-0.4044244114366615
17.84,2.2476702407380116,-4.53719476659701,-0.404428782301086
17.86,2.231835242246244,-4.549411584811922,-0.4044330665869238
17.88,2.2159019450893025,-4.56149992076821,-0.40443726600873237
17.9,2.199871390718017,-4.573458982227543,-0.4044413822472907
17.92,2.183744626998744,-4.585287985411999,-0.40444541695042574
17.94,2.167522708143853,-4.596986155055904,-0.4044493717319962
17.96,2.1512066946418367,-4.608552724457088,-0.40445324817574246
17.98,2.134797653187036,-4.619986935527541,-0.4044570478327129
18.02,2.1017047838011425,-4.642455293695062,-0.40446442284021783
18.04,2.0850231196495397,-4.653487968135077,-0.404468001151601
18.06,2.0682527549614287,-4.664385339027139,-0.40447150857382524
18.08,2.051394786392456,-4.675146692093738,-0.40447494651787874
18.1,2.0344503163742744,-4.685771321963293,-0.4044783163607117
18.12,2.0174204530416073,-4.696258532216706,-0.40448161945101124
18.14,2.000306310158947,-4.70660763543329,-0.4044848571102483
18.16,1.983109007046884,-4.716817953236138,-0.40448803063523153
18.18,1.9658296685080943,-4.7268888163368645,-0.40449114129575586
18.2,1.9484694247529777,-4.736819564579745,-0.4044941903373053
18.22,1.9310294113249442,-4.746609546985252,-0.40449717897986254
18.24,1.913510769025376,-4.756258121792966,-0.4045001084202532
18.26,1.8959146438382457,-4.765764656503881,-0.40450297983076916
18.28,1.8782421868544108,-4.775128527922093,-0.4045057943613235
18.3,1.8604945541955826,-4.784349122195862,-0.4045085531378862
18.32,1.8426729069379784,-4.7934258348580645,-0.404511257265297
18.34,1.8247784110356586,-4.802358070865999,-0.40451390782568203
18.36,1.8068122372435533,-4.8111452446405965,-0.40451650588023624
18.38,1.7887755610401883,-4.819786780104971,-0.4045190524689741
18.4,1.7706695625501068,-4.828282110722364,-0.4045215486109749
18.42,1.7524954264660018,-4.836630679533434,-0.40452399530631206
18.44,1.7342543419705592,-4.844831939192923,-0.40452639353374986
18.46,1.7159475026580118,-4.852885352005689,-0.4045287442534989
18.48,1.6975761064554171,-4.860790389962082,-0.40453104840625087
18.5,1.6791413555436607,-4.868546534772695,-0.404533306915073
18.52,1.660644456278194,-4.876153277902459,-0.40453552068375204
18.54,1.6420866191094965,-4.8836101206041045,-0.404537690598168
18.56,1.623469058503933,-4.890916573950709,-0.4045398174965118
18.58,1.6047929928625904,-4.898072158868312,-0.4045419022911889
18.6,1.586059644440533,-4.905076406167567,-0.404543945786674
18.62,1.5672702392679698,-4.911928856573921,-0.4045459488010361
18.64,1.54842600706871,-4.918629060758126,-0.40454791213614216
18.66,1.5295281811791535,-4.925176579365779,-0.40454983657814597
18.68,1.510577998467054,-4.931570983046192,-0.4045517228974656
18.7,1.491576699250074,-4.937811852480609,-0.40455357184875385
18.72,1.4725255272140898,-4.943898778409765,-0.4045553841725505
18.74,1.453425729331305,-4.949831361660772,-0.4045571605945668
18.76,1.434278555778172,-4.9556092131733465,-0.40455890182563664
18.78,1.4150852598530719,-4.961231954025361,-0.40456060856318343
18.8,1.395847097893829,-4.966699215457745,-0.40456228149014883
18.82,1.3765653291950297,-4.972010638898684,-0.4045639212762785
18.84,1.3572412159251337,-4.97716587598719,-0.4045655285783906
18.86,1.3378760230434419,-4.982164588595949,-0.4045671040399629
18.88,1.3184710182168464,-4.987006448853535,-0.40456864829138983
18.9,1.2990274717364458,-4.991691139165931,-0.40457016195124906
18.92,1.2795466564339752,-4.996218352237372,-0.4045716456251965
18.94,1.2600298475980771,-5.000587791090517,-0.4045730999075613
18.96,1.2404783228904395,-5.004799169085928,-0.4045745253804006
18.98,1.2208933622617524,-5.008852209940889,-0.40457592261440795
19.02,1.1816282639838764,-5.016482226990244,-0.40457863459223664
19.04,1.1619506969229036,-5.020058702562502,-0.40457995042164807
19.06,1.1422448349483023,-5.023475839782871,-0.4045812401845172
19.08,1.1225119681905844,-5.026733414410434,-0.40458250439687543
19.1,1.1027533885622922,-5.029831212659476,-0.4045837435646944
19.12,1.082970389673081,-5.032769031213512,-0.4045849581844273
19.14,1.0631642667446992,-5.0355466772386,-0.4045861487418557
19.16,1.043336316525864,-5.038163968395995,-0.40458731571431134
19.18,1.0234878372079308,-5.040620732853969,-0.40458845954535344
19.2,1.003620128337221,-5.042916809299386,-0.4045895807399128
19.22,0.9837344907314445,-5.045052046948008,-0.40459067972322443
19.24,0.9638322263941937,-5.047026305554398,-0.4045917569356231
19.26,0.9439146384291327,-5.0488394554211204,-0.40459281280771503
19.28,0.9239830309543801,-5.050491377407244,-0.4045938477629138
19.3,0.9040387090168482,-5.0519819629361296,-0.4045948622149089
19.32,0.8840829785065266,-5.053311114002534,-0.40459585657019503
19.34,0.8641171460706979,-5.0544787431790175,-0.4045968312272216
19.36,0.8441425190281387,-5.055484773621658,-0.4045977865755385
19.38,0.8241604052832474,-5.05632913907507,-0.40459872299831723
19.4,0.8041721132401688,-5.057011783876717,-0.40459964086980144
19.42,0.7841789517168661,-5.057532662960551,-0.4046005405581592
19.44,0.764182229859191,-5.0578917418599465,-0.4046014224229276
19.46,0.7441832570549204,-5.058088996709926,-0.4046022868178603
19.48,0.7241833428477918,-5.058124414248705,-0.40460313408836496
19.5,0.7041837968515288,-5.057997991818545,-0.4046039645743455
19.52,0.6841859286638653,-5.0577097373658955,-0.4046047786076347
19.54,0.6641910477805799,-5.0572596694408505,-0.4046055765148298
19.56,0.6442004635095341,-5.056647817195903,-0.40460635861455196
19.58,0.6242154848847332,-5.055874220384018,-0.4046071252209517
19.6,0.6042374205804084,-5.054938929355988,-0.40460787664011927
19.62,0.584267578825116,-5.053842005057119,-0.4046086131735841
19.64,0.5643072673158893,-5.052583519023195,-0.4046093351155656
19.66,0.5443577931324074,-5.0511635533757735,-0.404610042755623
19.68,0.5244204626512271,-5.0495822008167695,-0.4046107363770839
19.7,0.5044965814600475,-5.047839564622352,-0.40461141625715574
19.72,0.4845874542720481,-5.045935758636143,-0.4046120826687278
19.74,0.4646943848402705,-5.04387090726174,-0.4046127358777764
19.76,0.44481867587207286,-5.041645145454515,-0.40461337614685017
19.78,0.424961628943665,-5.039258618712762,-0.4046140037314592
19.8,0.40512454441470175,-5.036711483068114,-0.4046146188835556
19.82,0.3853087213429827,-5.0340039050752985,-0.4046152218489309
19.84,0.36551545739921776,-5.031136061801188,-0.4046158128690049
19.86,0.3457460487819004,-5.028108140813165,-0.40461639218092177
19.88,0.3260017901322832,-5.0249203401668066,-0.4046169600161241
19.9,0.3062839744494395,-5.021572868392873,-0.40461751660196665
19.92,0.28659389300545934,-5.018065944483605,-0.4046180621618069
19.94,0.26693283526074735,-5.014399797878353,-0.40461859691357455
19.96,0.2473020887794411,-5.010574668448503,-0.40461912107137854
19.98,0.2277029391449855,-5.0065908064817375,-0.40461963484474756
20.02,0.18860456234102116,-4.998147938070379,-0.4046206320584642
20.04,0.16910789567661302,-4.993689484131311,-0.4046211158980882
20.06,0.14964794670136033,-4.989073402630115,-0.4046215901523268
20.08,0.13022598983317427,-4.984299995675848,-0.40462205501140613
20.1,0.11084329700552009,-4.9793695756850695,-0.40462251066145294
20.12,0.09150113758403024,-4.974282465361352,-0.40462295728440006
20.14,0.07220077828321039,-4.969038997674087,-0.4046233950595803
20.16,0.052943483083429395,-4.963639515836657,-0.4046238241619457
20.18,0.033730513148027406,-4.958084373283908,-0.4046242447638435
20.2,0.014563126740588819,-4.952373933648963,-0.40462465703313716
20.22,-0.004557420857517086,-4.946508570739362,-0.4046250611348967
20.24,-0.023629877429456953,-4.940488668512556,-0.40462545723142856
20.26,-0.04265299390505634,-4.934314621050695,-0.4046258454808214
20.28,-0.06162552444266039,-4.927986832534804,-0.4046262260385278
20.3,-0.08054622651081986,-4.92150571721826,-0.40462659905725934
20.32,-0.09941386096978617,-4.914871699399613,-0.40462696468636494
20.34,-0.11822719215271006,-4.908085213394777,-0.4046273230718802
20.36,-0.1369849879466548,-4.901146703508531,-0.4046276743572978
20.38,-0.15568601987338945,-4.894056624005388,-0.40462801868360765
20.4,-0.17432906316991678,-4.886815439079794,-0.40462835618867615
20.42,-0.19291289686874713,-4.879423622825703,-0.40462868700730037
20.44,-0.21143630387793788,-4.8718816592054806,-0.404629011271938
20.46,-0.22989807106089738,-4.864190042018166,-0.40462932911276134
20.48,-0.24829698931589333,-4.856349274867093,-0.40462964065686347
20.5,-0.2666318536553044,-4.848359871126872,-0.4046299460291543
20.52,-0.2849014632846088,-4.840222353909734,-0.40463024535156616
20.54,-0.3031046216810791,-4.831937256031231,-0.40463053874377786
20.56,-0.3212401366722486,-4.8235051199752865,-0.40463082632393876
20.58,-0.33930682051401934,-4.81492649785865,-0.40463110820702686
20.6,-0.3573034899685166,-4.806201951394685,-0.4046313845055695
20.62,-0.3752289663816445,-4.797332051856559,-0.4046316553303653
20.64,-0.3930820757603374,-4.788317380039772,-0.40463192078985266
20.66,-0.4108616488494943,-4.779158526224108,-0.40463218098998344
20.68,-0.42856652120863664,-4.769856090134912,-0.4046324360356178
20.7,-0.4461955332882092,-4.76041068090379,-0.40463268602853836
20.72,-0.4637475305055707,-4.750822917028681,-0.4046329310688425
20.74,-0.4812213633206654,-4.741093426333311,-0.4046331712548137
20.76,-0.4986158873113604,-4.7312228459260375,-0.40463340668228504
20.78,-0.515929963248445,-4.721211822158093,-0.4046336374456909
20.8,-0.5331624571702901,-4.711061010581216,-0.40463386363726106
20.82,-0.5503122404571609,-4.700771075904686,-0.404634085347903
20.84,-0.5673781899051775,-4.690342691951747,-0.4046343026662229
20.86,-0.5843591877999231,-4.679776541615453,-0.40463451567923525
20.88,-0.6012541219896809,-4.669073316813906,-0.4046347244718934
20.9,-0.6180618859583199,-4.658233718444907,-0.40463492912847465
20.92,-0.6347813788978288,-4.647258456340008,-0.40463512973126187
20.94,-0.6514115057804186,-4.636148249218003,-0.4046353263592238
20.96,-0.6679511774302558,-4.62490382463784,-0.4046355190917677
20.98,-0.6843993105948845,-4.613525918950912,-0.4046357080060647
21.02,-0.7170166585009669,-4.5903726533344935,-0.40463607468065
21.04,-0.7331837369911571,-4.578598809632884,-0.40463625258809477
21.06,-0.7492550046335853,-4.566694517180917,-0.40463642697098856
21.08,-0.7652294088493679,-4.554660555556993,-0.4046365978991553
21.1,-0.7811059034028753,-4.542497712833909,-0.40463676544103555
21.12,-0.7968834484702926,-4.5302067855272,-0.40463692966405207
21.14,-0.8125610107077312,-4.517788578542963,-0.4046370906332851
21.16,-0.8281375633189481,-4.5052439051250905,-0.4046372484131878
21.18,-0.8436120861226215,-4.492573586801997,-0.40463740306761214
21.2,-0.8589835656191952,-4.479778453332776,-0.4046375546581452
21.22,-0.8742509950572817,-4.466859342652833,-0.4046377032454849
21.24,-0.8894133744996255,-4.45381710081897,-0.404637848888789
21.26,-0.9044697108886158,-4.44065258195396,-0.4046379916470503
21.28,-0.9194190181113456,-4.427366648190579,-0.40463813157709216
21.3,-0.9342603170642269,-4.413960169615103,-0.4046382687349439
21.32,-0.9489926357171395,-4.400434024210309,-0.4046384031751873
21.34,-0.9636150091771081,-4.386789097797945,-0.4046385349523409
21.36,-0.9781264797515211,-4.373026283980687,-0.4046386641188409
21.38,-0.9925260970108806,-4.359146484083584,-0.40463879072606945
21.4,-1.006812917851066,-4.345150607095008,-0.40463891482539704
21.42,-1.0209860065551133,-4.331039569607102,-0.4046390364661769
21.44,-1.0350444348545345,-4.316814295755711,-0.40463915569677733
21.46,-1.048987281990114,-4.302475717159849,-0.4046392725652771
21.48,-1.0628136347722377,-4.288024772860654,-0.40463938711841246
21.5,-1.0765225876407323,-4.273462409259851,-0.40463949940142746
21.52,-1.0901132427241813,-4.25878958005776,-0.4046396094606363
21.54,-1.1035847098987404,-4.244007246190807,-0.40463971733943266
21.56,-1.1169361068464676,-4.229116375768559,-0.404639823080687
21.58,-1.1301665591131025,-4.214117944010315,-0.40463992672707105
21.6,-1.1432752001653717,-4.199012933181205,-0.4046400283200821
21.62,-1.1562611714477513,-4.183802332527824,-0.4046401279007376
21.64,-1.1691236224387018,-4.168487138213444,-0.40464022550857315
21.66,-1.1818617107064058,-4.153068353252726,-0.4046403211823345
21.68,-1.1944746019639292,-4.137546987446042,-0.404640414961007
21.7,-1.2069614701238989,-4.121924057313279,-0.4046405068811272
21.72,-1.2193214973526043,-4.106200586027275,-0.40464059698085325
21.74,-1.2315538741235825,-4.090377603346766,-0.404640685295249
21.76,-1.2436577992706397,-4.07445614554894,-0.4046407718603526
21.78,-1.2556324800403404,-4.058437255361541,-0.40464085671015065
21.8,-1.2674771321439378,-4.042321981894561,-0.4046409398792941
21.82,-1.2791909798087489,-4.026111380571501,-0.40464102140040953
21.84,-1.2907732558289746,-4.009806513060246,-0.4046411013068156
21.86,-1.3022232016159587,-3.993408447203502,-0.40464117962949414
21.88,-1.313540067247873,-3.9769182569488457,-0.4046412564011588
21.9,-1.3247231115188594,-3.9603370222783574,-0.4046413316515368
21.92,-1.3357716019875556,-3.9436658291379074,-0.4046414054110976
21.94,-1.346684815025107,-3.9269057693659635,-0.4046414777097137
21.96,-1.3574620358625378,-3.910057940622116,-0.4046415485756595
21.98,-1.3681025586375943,-3.8931234463151383,-0.4046416180379865
22.02,-1.3889707313619761,-3.858998902958794,-0.40464175286080023
22.04,-1.3991970145335604,-3.841811088820553,-0.4046418182759485
22.06,-1.4092838661768232,-3.8245410787950243,-0.40464188239479576
22.08,-1.419230625644862,-3.8071900039453577,-0.4046419452433547
22.1,-1.4290366414660625,-3.7897590006447115,-0.40464200684712864
22.12,-1.4387012713867664,-3.7722492105018226,-0.40464206723450574
22.14,-1.4482238824134261,-3.754661780286059,-0.4046421264216423
22.16,-1.4576038508537872,-3.7369978618528186,-0.4046421844362012
22.18,-1.466840562358052,-3.7192586120675175,-0.40464224130365134
22.2,-1.4759334119590317,-3.7014451927299565,-0.40464229704254256
22.22,-1.484881804111664,-3.6835587704984327,-0.40464235167717866
22.24,-1.4936851527316155,-3.6656005168141785,-0.4046424051934228
22.26,-1.5023428812350095,-3.64757160782191,-0.4046424576837661
22.28,-1.510854422575257,-3.62947322429462,-0.40464250913351707
22.3,-1.5192192192800686,-3.611306551556532,-0.40464255956429146
22.32,-1.5274367234881832,-3.5930727794050257,-0.4046426089956076
22.34,-1.5355063969852656,-3.57477310203268,-0.40464265744793554
22.36,-1.543427711239149,-3.556408717949065,-0.4046427049400012
22.38,-1.5512001474344637,-3.5379808299022186,-0.40464275149149764
22.4,-1.5588231965066126,-3.519490644799878,-0.4046427971207282
22.42,-1.566296359175122,-3.500939373630407,-0.4046428418459643
22.44,-1.57361914597634,-3.482328231383485,-0.4046428856847772
22.46,-1.580791077295499,-3.463658436970514,-0.4046429286553977
22.48,-1.5878116833981284,-3.444931213144777,-0.4046429707746946
22.5,-1.5946805044608212,-3.426147786421357,-0.40464301205953407
22.52,-1.6013970906013617,-3.407309386996769,-0.4046430525261101
22.54,-1.6079610019081767,-3.388417248668407,-0.4046430921913028
22.56,-1.6143718084691656,-3.3694726087537097,-0.4046431310709955
22.58,-1.620629090399846,-3.3504767080091304,-0.40464316917974336
22.6,-1.6267324378708665,-3.33143079054884,-0.40464320653382013
22.62,-1.632681451134844,-3.312336103763255,-0.40464324314784583
22.64,-1.638475740552545,-3.293193898237338,-0.40464327903648234
22.66,-1.6441149266184154,-3.274005427668648,-0.4046433142141003
22.68,-1.6495986399854279,-3.2547719487852604,-0.4046433486947867
22.7,-1.6549265214892768,-3.235494721263434,-0.4046433824923487
22.72,-1.6600982221719076,-3.21617500764508,-0.40464341562032
22.74,-1.6651134033043682,-3.1968140732550903,-0.4046434480926527
22.76,-1.6699717364089965,-3.1774131861184434,-0.4046434799216739
22.78,-1.6746729032809329,-3.1579736168771646,-0.4046435111201281
22.8,-1.6792165960089585,-3.138496638707101,-0.4046435417005081
22.82,-1.6836025169956712,-3.1189835272344992,-0.4046435716750589
22.84,-1.6878303789769693,-3.0994355604524895,-0.40464360105612074
22.86,-1.6918999050408734,-3.079854018637341,-0.4046436298544452
22.88,-1.6958108286456803,-3.060240184264517,-0.4046436580910611
22.9,-1.6995628936374205,-3.0405953419246496,-0.40464368576148296
22.92,-1.7031558542665184,-3.020920778240028,-0.4046437128837748
22.94,-1.7065894752040425,-3.0012177817795394,-0.40464373946845766
22.96,-1.7098635315570603,-2.981487642974556,-0.40464376552651293
22.98,-1.7129778088833676,-2.9617316540344065,-0.40464379106871134
23.02,-1.7187262210242784,-2.9221473029677236,-0.4046438406445506
23.04,-1.7213599793311032,-2.902321533387319,-0.4046438646983777
23.06,-1.7238332056203227,-2.8824750985941816,-0.4046438882757153
23.08,-1.7261457379003387,-2.862609298415694,-0.40464391138600286
23.1,-1.728297424704253,-2.8427254339478116,-0.40464393403849325
23.12,-1.7302881250997932,-2.8228248074698294,-0.4046439562419177
23.14,-1.7321177086985378,-2.8029087223590996,-0.40464397800584145
23.16,-1.733786055664456,-2.7829784830056594,-0.4046439993383026
23.18,-1.7352930567217606,-2.7630353947267814,-0.4046440202485176
23.2,-1.73663861316206,-2.7430807636815033,-0.40464404074452043
23.22,-1.7378226368508243,-2.7231158967850475,-0.4046440608341791
23.24,-1.7388450502331592,-2.7031421016232406,-0.40464408052621265
23.26,-1.7397057863388812,-2.683160686366862,-0.404644099827829
23.28,-1.7404047887869083,-2.663172959685952,-0.40464411874743195
23.3,-1.7409420117889491,-2.643180230664122,-0.4046441372922586
23.32,-1.7413174201525017,-2.6231838087127772,-0.4046441554693953
23.34,-1.7415309892831587,-2.603185003485385,-0.4046441732867956
23.36,-1.7415827051862178,-2.5831851247916604,-0.40464419075024133
23.38,-1.7414725644675972,-2.5631854825118197,-0.4046442078687519
23.4,-1.7412005743340637,-2.543187386511054,-0.40464422461730715
23.42,-1.7407667525927795,-2.5231921465540608,-0.40464424106281754
23.44,-1.7401711276500673,-2.5032010722165157,-0.4046442571832171
23.46,-1.7394137385096058,-2.483215472802641,-0.4046442729836088
23.48,-1.738494634769857,-2.4632366572582094,-0.4046442884716707
23.5,-1.7374138766208258,-2.4432659340848684,-0.4046443036522525
23.52,-1.7361715348401083,-2.4233046112543555,-0.40464431853278404
23.54,-1.7347676907882634,-2.403353996122935,-0.4046443331178719
23.56,-1.7332024364034742,-2.3834153953456325,-0.4046443474150451
23.58,-1.731475874195538,-2.363490114790824,-0.40464436142867666
23.6,-1.7295881172391412,-2.343579459454536,-0.4046443751640396
23.62,-1.7275392891664605,-2.323684733375111,-0.40464438862798485
23.64,-1.7253295241590552,-2.30380723954767,-0.40464440182455164
23.66,-1.7229589669390915,-2.283948279838887,-0.40464441476003754
23.68,-1.7204277727598487,-2.2641091549016172,-0.40464442743962187
23.7,-1.7177361073955668,-2.244291164089826,-0.40464443986736753
23.72,-1.7148841471305702,-2.22449560537335,-0.4046444520496017
23.74,-1.711872078747736,-2.2047237752529933,-0.4046444639901886
23.76,-1.7087000995162507,-2.184976968675545,-0.40464447569458495
23.78,-1.7053684171786985,-2.165256478949021,-0.404644487166463
23.8,-1.7018772499374415,-2.14556359765788,-0.40464449841210526
23.82,-1.6982268264403402,-2.125899614578507,-0.40464450943398694
23.84,-1.6944173857657743,-2.106265817594702,-0.40464452023821046
23.86,-1.6904491774069719,-2.0866634926132903,-0.4046445308280878
23.88,-1.6863224612556922,-2.0670939234800025,-0.40464454120785903
23.9,-1.6820375075851755,-2.0475583918952567,-0.40464455138303135
23.92,-1.677594597032465,-2.028058177330331,-0.40464456135565147
23.94,-1.672994020580011,-2.008594556943485,-0.4046445711314012
23.96,-1.6682360795366122,-1.9891688054963252,-0.4046445807131811
23.98,-1.6633210855176968,-1.9697821952703631,-0.404644590105503
24.02,-1.6530212364249963,-1.9311314747076307,-0.40464460831139276
24.04,-1.647637055928347,-1.911869895784941,-0.40464461715692845
24.06,-1.6420971715657493,-1.8926525207439362,-0.4046446258269305
24.08,-1.6364019461661121,-1.8734806082189241,-0.40464463432554565
24.1,-1.6305517527324238,-1.85435541386672,-0.404644642656176
24.12,-1.6245469744173227,-1.8352781902844102,-0.4046446508208053
24.14,-1.6183880044979972,-1.8162501869273062,-0.4046446588247294
24.16,-1.6120752463504424,-1.79727265002714,-0.4046446666698007
24.18,-1.6056091134230221,-1.7783468225103978,-0.40464467435983575
24.2,-1.5989900292093988,-1.7594739439169365,-0.40464468189656155
24.22,-1.5922184272207975,-1.7406552503188017,-0.4046446892850223
24.24,-1.5852947509576116,-1.72189197423927,-0.4046446965268244
24.26,-1.5782194538803482,-1.7031853445721044,-0.4046447036248668
24.28,-1.570992999379933,-1.6845365865010804,-0.40464471058266666
24.3,-1.5636158607473656,-1.665946921419756,-0.40464471740300945
24.32,-1.5560885211427118,-1.6474175668514526,-0.40464472408794927
24.34,-1.5484114735634615,-1.628949736369517,-0.4046447306401626
24.36,-1.5405852208122373,-1.610544639517838,-0.4046447370629476
24.38,-1.532610275463871,-1.5922034817316448,-0.40464474335853773
24.4,-1.5244871598318208,-1.573927464258528,-0.40464474952979096
24.42,-1.5162164059339691,-1.5557177840797791,-0.4046447555778258
24.44,-1.5077985554577704,-1.5375756338319804,-0.4046447615070907
24.46,-1.4992341597247867,-1.5195022017289186,-0.40464476731860777
24.48,-1.490523779654563,-1.5014986714837377,-0.4046447730153785
24.5,-1.4816679857278936,-1.483566222231412,-0.40464477859900777
24.52,-1.4726673579494627,-1.4657060284515275,-0.40464478407139226
24.54,-1.4635224858098528,-1.4479192598913577,-0.4046447894364123
24.56,-1.454233968246938,-1.4302070814892494,-0.4046447946948635
24.58,-1.4448024136066526,-1.4125706532983209,-0.4046447998491885
24.6,-1.4352284396031465,-1.3950111304104797,-0.4046448049011128
24.62,-1.4255126732783279,-1.3775296628807765,-0.404644809853334
24.64,-1.4156557509608032,-1.3601273956520885,-0.40464481470783437
24.66,-1.4056583182241875,-1.3428054684801127,-0.4046448194658807
24.68,-1.3955210298448313,-1.3255650158587358,-0.40464482412971553
24.7,-1.3852445497589299,-1.3084071669457134,-0.4046448287015434
24.72,-1.3748295510190371,-1.2913330454887177,-0.4046448331818426
24.74,-1.3642767157499938,-1.2743437697517555,-0.4046448375740956
24.76,-1.3535867351042414,-1.2574404524419056,-0.4046448418797223
24.78,-1.3427603092165572,-1.2406242006364516,-0.40464484609977014
24.8,-1.3317981471581999,-1.223896115710372,-0.404644850236266
24.82,-1.3207009668904686,-1.2072572932642047,-0.4046448542901892
24.84,-1.3094694952176889,-1.1907088230523062,-0.4046448582641741
24.86,-1.2981044677395905,-1.1742517889114479,-0.4046448621591354
24.88,-1.2866066288031457,-1.1578872686898507,-0.40464486597629457
24.9,-1.274976731453802,-1.1416163341765737,-0.404644869718869
24.92,-1.2632155373861595,-1.1254400510313118,-0.40464487338700544
24.94,-1.2513238168941025,-1.10935947871463,-0.40464487698251034
24.96,-1.239302348820341,-1.0933756704185578,-0.4046448805071613
24.98,-1.2271519205053967,-1.0774896729976122,-0.40464488396101767
25.02,-1.2024673746932037,-1.0460152661006887,-0.40464489066660925
25.04,-1.1899348738991804,-1.0304289180311752,-0.40464489392003294
25.06,-1.1772766461645823,-1.014944503514763,-0.4046448971090456
25.08,-1.1644935205344795,-0.9995630366984004,-0.4046449002352606
25.1,-1.1515863342341288,-0.9842855249865236,-0.4046449032985775
25.12,-1.138555932614145,-0.9691129689750881,-0.40464490630191113
25.14,-1.1254031690950919,-0.9540463623859834,-0.4046449092457873
25.16,-1.112128905111633,-0.9390866920020019,-0.40464491213172166
25.18,-1.0987340100561032,-0.9242349376021993,-0.40464491496017524
25.2,-1.0852193612215595,-0.9094920718977146,-0.4046449177326035
25.22,-1.071585843744326,-0.894859060468067,-0.40464492045011435
25.24,-1.0578343505460197,-0.8803368616979121,-0.4046449231134561
25.26,-1.0439657822750885,-0.8659264267142932,-0.40464492572436905
25.28,-1.029981047247766,-0.8516286993242883,-0.4046449282835588
25.3,-1.015881061388637,-0.8374446159532545,-0.40464493079204866
25.32,-1.0016667481706327,-0.8233751055834772,-0.4046449332508413
25.34,-0.9873390385545424,-0.8094210896933243,-0.4046449356612578
25.36,-0.9728988709280476,-0.795583482196899,-0.40464493802358614
25.38,-0.958347191044257,-0.7818631893841789,-0.4046449403391088
25.4,-0.9436849519597635,-0.7682611098616571,-0.40464494260875195
25.42,-0.9289131139722271,-0.7547781344934923,-0.4046449448334231
25.44,-0.9140326445574889,-0.741415146343168,-0.4046449470133365
25.46,-0.8990445183061865,-0.7281730206156395,-0.40464494915071564
25.48,-0.8839497168599166,-0.7150526246000073,-0.40464495124574
25.5,-0.8687492288469699,-0.7020548176127369,-0.40464495329958555
25.52,-0.853444049817571,-0.6891804509413704,-0.4046449553123981
25.54,-0.8380351821786703,-0.6764303677887682,-0.4046449572853208
25.56,-0.8225236351282945,-0.6638054032178838,-0.40464495921914295
25.58,-0.8069104245894476,-0.6513063840970724,-0.40464496111463866
25.6,-0.7911965731435725,-0.6389341290459343,-0.40464496297256625
25.62,-0.7753831099635792,-0.6266894483816995,-0.40464496479366935
25.64,-0.7594710707464372,-0.6145731440661569,-0.4046449665786769
25.66,-0.7434614976453415,-0.6025860096531277,-0.4046449683283039
25.68,-0.7273554392014597,-0.5907288302364945,-0.4046449700432529
25.7,-0.7111539502752547,-0.5790023823987783,-0.4046449717242105
25.72,-0.6948580919773995,-0.5674074341602802,-0.4046449733718493
25.74,-0.6784689315992769,-0.5559447449287765,-0.404644974986829
25.76,-0.6619875425430793,-0.5446150654497831,-0.40464497656945825
25.78,-0.6454150042515053,-0.533419137757385,-0.4046449781210448
25.8,-0.6287524021370624,-0.5223576951256368,-0.40464497964187157
25.82,-0.6120008275109766,-0.5114314620205377,-0.40464498113254777
25.84,-0.5951613775116901,-0.500641154052563,-0.40464498259434584
25.86,-0.5782351550330872,-0.48998747792985153,-0.40464498402649923
25.88,-0.5612232686521782,-0.479471131411864,-0.40464498543025695
25.9,-0.5441268325565186,-0.46909280326370184,-0.4046449868061809
25.92,-0.5269469664712378,-0.45885317321099667,-0.4046449881548221
25.94,-0.5096847955857003,-0.44875291189539157,-0.4046449894763824
25.96,-0.4923414504798124,-0.438792680830617,-0.404644990772067
25.98,-0.47491806704997874,-0.4289731323591676,-0.40464499204205684
26.02,-0.4398357549398444,-0.4097586464542845,-0.40464499450697544
26.04,-0.42217912396355256,-0.40036496746814354,-0.40464499570255363
26.06,-0.40444704992084235,-0.3911144878874907,-0.4046449968747491
26.08,-0.3866406941678697,-0.3820078135698669,-0.40464499802369364
26.1,-0.3687612229258578,-0.37304554095432996,-0.4046449991498473
26.12,-0.35080980720471866,-0.3642282570223923,-0.4046450002533233
26.14,-0.3327876227263529,-0.3555565392595743,-0.4046450013352392
26.16,-0.3146958498476622,-0.3470309556175895,-0.40464500239569057
26.18,-0.29653567348322446,-0.33865206447713914,-0.4046450034351052
26.2,-0.27830828302769195,-0.3304204146113418,-0.4046450044535774
26.22,-0.26001487227789766,-0.3223365451497955,-0.4046450054521934
26.24,-0.24165663935466702,-0.31440098554326623,-0.4046450064310158
26.26,-0.22323478662433918,-0.3066142555290087,-0.4046450073900989
26.28,-0.20475052062002524,-0.2989768650967289,-0.4046450083305031
26.3,-0.18620505196258932,-0.2914893144551839,-0.40464500925226715
26.32,-0.16759959528136723,-0.28415209399942337,-0.4046450101547207
26.34,-0.148935369134577,-0.2769656842786571,-0.40464501104023987
26.36,-0.13021359592956822,-0.26993055596480325,-0.40464501190752383
26.38,-0.11143550184267355,-0.26304716982162973,-0.4046450127572583
26.4,-0.09260231673899781,-0.2563159766746133,-0.4046450135911387
26.42,-0.07371527409180996,-0.24973741738138994,-0.40464501440748385
26.44,-0.05477561090175226,-0.24331192280288136,-0.4046450152079598
26.46,-0.03578456761588767,-0.23703991377509662,-0.4046450159932252
26.48,-0.016743388046357662,-0.23092180108153676,-0.40464501676190595
26.5,0.002346680710991111,-0.22495798542632015,-0.40464501751633775
26.52,0.021484388358329335,-0.21914885740792417,-0.4046450182547958
26.54,0.04066848147774445,-0.21349479749359979,-0.40464501897960403
26.56,0.059897703613268946,-0.2079961759944719,-0.4046450196890256
26.58,0.07917079535327841,-0.20265335304125476,-0.4046450203846972
26.6,0.09848649441285434,-0.19746667856070055,-0.4046450210668976
26.62,0.11784353571656592,-0.1924364922526502,-0.40464502173522526
26.64,0.13724065148124215,-0.18756312356780783,-0.40464502239062367
26.66,0.15667657129906304,-0.18284689168614832,-0.4046450230326805
26.68,0.17615002222073248,-0.1782881054960205,-0.4046450236623291
26.7,0.1956597288388548,-0.17388706357391567,-0.4046450242791464
26.72,0.2152044133714914,-0.16964405416490674,-0.40464502488338
26.74,0.23478279574579775,-0.16555935516378106,-0.404645025476624
26.76,0.25439359368193326,-0.16163323409682434,-0.40464502605708963
26.78,0.2740355227769608,-0.1578659481043165,-0.4046450266270368
26.8,0.2937072965890578,-0.15425774392367209,-0.40464502718466705
26.82,0.31340762672167577,-0.15080885787329926,-0.4046450277318939
26.84,0.33313522290802017,-0.14751951583710385,-0.40464502826792337
26.86,0.35288879309547205,-0.1443899332497101,-0.40464502879364656
26.88,0.3726670435302637,-0.1414203150823421,-0.4046450293082608
26.9,0.39246867884220915,-0.13861085582939975,-0.4046450298136624
26.92,0.4122924021295053,-0.13596173949572643,-0.40464503030802706
26.94,0.4321369150437087,-0.13347313958455195,-0.40464503079324254
26.96,0.4520009178747854,-0.13114521908612767,-0.40464503126849016
26.98,0.4718831096362823,-0.12897813046704779,-0.4046450317394136
27.02,0.5116968501331117,-0.12512700605587881,-0.4046450326439847
27.04,0.5316257912801425,-0.12344322249232724,-0.4046450330853695
27.06,0.551567706351741,-0.12192077524867918,-0.40464503351594616
27.08,0.5715212892581927,-0.12055976403732774,-0.404645033902663
27.1,0.591485233144678,-0.11936027799750208,-0.4046450343150189
27.12,0.6114582304804708,-0.11832239568922029,-0.4046450347195111
27.14,0.6314389731404013,-0.11744618508841828,-0.4046450351149513
27.16,0.6514261524920665,-0.11673170358238913,-0.40464503550352626
27.18,0.6714184594814575,-0.1161789979660284,-0.40464503588336526
27.2,0.6914145847187405,-0.11578810443876728,-0.4046450362566488
27.22,0.7114132185640153,-0.11555904860220223,-0.4046450366215002
27.24,0.7314130512130371,-0.11549184545841869,-0.40464503698009396
27.26,0.7514127727831038,-0.11558649940900775,-0.40464503733156076
27.28,0.7714110733987212,-0.11584300425477831,-0.40464503767502896
27.3,0.7914066432775057,-0.11626134319616326,-0.40464503801266405
27.32,0.8113981728159023,-0.11684148883431968,-0.4046450383425754
27.34,0.831384352674948,-0.11758340317292225,-0.4046450386669232
27.36,0.8513638738661032,-0.11848703762065445,-0.4046450389844864
27.38,0.871335427836891,-0.11955233299438792,-0.40464503929539375
27.4,0.8912977065566537,-0.12077921952306049,-0.4046450396004461
27.42,0.9112494026022295,-0.12216761685224665,-0.4046450398997666
27.44,0.9311892092435275,-0.12371743404941687,-0.40464504019246234
27.46,0.9511158205291714,-0.12542856960989712,-0.4046450404796652
27.48,0.9710279313720179,-0.12730091146351638,-0.404645040761491
27.5,0.9909242376345834,-0.12933433698194188,-0.40464504103670185
27.52,1.0108034362145322,-0.1315287129867174,-0.40464504130743634
27.54,1.0306642251299927,-0.1338838957579836,-0.4046450415727901
27.56,1.050505303604786,-0.1363997310438851,-0.4046450418318565
27.58,1.0703253721537032,-0.13907605407068332,-0.4046450420871088
27.6,1.0901231326675829,-0.14191268955354516,-0.4046450423373071
27.62,1.1098972884982956,-0.14490945170801833,-0.4046450425822122
27.64,1.1296465445436688,-0.1480661442621987,-0.40464504282293595
27.66,1.1493696073323696,-0.15138256046959445,-0.4046450430588994
27.68,1.1690651851085645,-0.15485848312265835,-0.4046450432898594
27.7,1.188731987916509,-0.15849368456701013,-0.4046450435159088
27.72,1.2083687276851143,-0.162287926716362,-0.40464504373815213
27.74,1.2279741183125208,-0.16624096106815747,-0.40464504396489676
27.76,1.2475468757496728,-0.17035252871971662,-0.40464504417895353
27.78,1.2670857180848003,-0.17462236038526188,-0.4046450443898215
27.8,1.2865893656275234,-0.17905017641358814,-0.4046450445958949
27.82,1.3060565409925204,-0.18363568680634915,-0.40464504479759245
27.84,1.325485969183206,-0.1883785912370541,-0.40464504499566945
27.86,1.3448763776752373,-0.1932785790707385,-0.40464504519054245
27.88,1.364226496499844,-0.19833532938430457,-0.40464504538059837
27.9,1.3835350583270205,-0.20354851098754512,-0.40464504556726427
27.92,1.4028007985485142,-0.20891778244483028,-0.4046450457502755
27.94,1.4220224553606715,-0.2144427920974755,-0.40464504592936673
27.96,1.4411987698470587,-0.2201231780867679,-0.4046450461059599
27.98,1.4603284860609185,-0.2259585683776663,-0.4046450462784355
28.02,1.4984431152258095,-0.23809282298935905,-0.4046450466129936
28.04,1.517425531871048,-0.2443908925810599,-0.40464504677520813
28.06,1.5363563577956842,-0.2508423770682366,-0.4046450469345825
28.08,1.5552343531311492,-0.2574468539129824,-0.4046450470908421
28.1,1.5740582814690145,-0.2642038905572088,-0.40464504724371014
28.12,1.5928269099419308,-0.2711130444509615,-0.4046450473932476
28.14,1.6115390093044124,-0.2781738630814202,-0.4046450475401888
28.16,1.6301933540133218,-0.28538588400252346,-0.40464504768459236
28.18,1.648788722308137,-0.2927486348652609,-0.40464504782583893
28.2,1.6673238962909922,-0.3002616334486143,-0.4046450479646604
28.22,1.6857976620064092,-0.30792438769112956,-0.40464504810043544
28.24,1.7042088095208479,-0.3157363957231599,-0.40464504823321795
28.26,1.7225561330010146,-0.32369714589932647,-0.4046450483329814
28.28,1.7408384307950444,-0.3318061168329746,-0.4046450484604373
28.3,1.7590545055100217,-0.3400627774298429,-0.40464504858472355
28.32,1.7772031640897654,-0.3484665869225528,-0.4046450487072412
28.34,1.7952832178935256,-0.3570169949062693,-0.40464504882668734
28.36,1.813293482773775,-0.3657134413747216,-0.404645048944461
28.38,1.8312327791538061,-0.37455535675690027,-0.4046450490592579
28.4,1.8490999321049646,-0.3835421619543505,-0.4046450491728127
28.42,1.8668937714236153,-0.3926732683791074,-0.40464504928314343
28.44,1.8846131317077564,-0.40194807799222987,-0.4046450493919834
28.46,1.9022568524333778,-0.41136598334298635,-0.4046450494980244
28.48,1.9198237780304586,-0.42092636760863317,-0.40464504960265996
28.5,1.9373127579586513,-0.4306286046348139,-0.404645049704918
28.52,1.954722646782645,-0.44047205897657343,-0.40464504980551486
28.54,1.9720523042471547,-0.45045608593996017,-0.40464504990347694
28.56,1.989300595351627,-0.46058003162426286,-0.4046450500001945
28.58,2.006466390424592,-0.4708432329648478,-0.40464505009469237
28.6,2.0235485651976104,-0.48124501777656176,-0.4046450501876837
28.62,2.0405460008789422,-0.491784704797778,-0.4046450502781918
28.64,2.0574575842267793,-0.5024616037349885,-0.404645050367266
28.66,2.0742822076222476,-0.513275015308071,-0.4046450504549418
28.68,2.0910187691418045,-0.5242242312959978,-0.4046450505402402
28.7,2.1076661726295587,-0.5353085345833147,-0.40464505062488443
28.72,2.124223327768967,-0.5465271992070457,-0.40464505070688056
28.74,2.140689150154271,-0.5578794904042599,-0.4046450507879503
28.76,2.157062561361546,-0.5693646646602086,-0.40464505086711217
28.78,2.1733424890192694,-0.5809819697569816,-0.40464505094439757
28.8,2.1895278668786458,-0.5927306448228359,-0.4046450510211884
28.82,2.205617634883336,-0.604609920381954,-0.4046450510954879
28.84,2.2216107392389723,-0.6166190184049036,-0.404645051169352
28.86,2.237506132482139,-0.6287571523595651,-0.40464505124078315
28.88,2.2533027735483597,-0.6410235272621687,-0.4046450512878406
28.9,2.2689996278418336,-0.653417339730549,-0.4046450513575291
28.92,2.2845956673022596,-0.6659377780360726,-0.404645051426219
28.94,2.3000898704718664,-0.6785840221565484,-0.4046450514925857
28.96,2.315481222562607,-0.6913552438301614,-0.4046450515586826
28.98,2.3307687155226318,-0.7042506066097315,-0.40464505162318404
29.02,2.3610281259198467,-0.7304103691004283,-0.4046450517481754
29.04,2.3759980615263077,-0.7436730554860674,-0.4046450518093899
29.06,2.3908601744703986,-0.7570564564389023,-0.4046450518691065
29.08,2.4056134913626304,-0.7705596954172622,-0.40464505192734823
29.1,2.4202570459390733,-0.7841818880307176,-0.4046450519848136
29.12,2.434789879124644,-0.797922142098001,-0.40464505204118695
29.14,2.4492110390959274,-0.8117795577054558,-0.4046450520968283
29.16,2.463519581343513,-0.825753227265965,-0.40464505215040736
29.18,2.477714568733844,-0.839842235578388,-0.40464505220397223
29.2,2.4917950715706088,-0.854045659887508,-0.404645052256192
29.22,2.5057601676556245,-0.8683625699444721,-0.40464505230776293
29.24,2.519608942349245,-0.8827920280677172,-0.40464505235735304
29.26,2.5333404886302464,-0.897333089204365,-0.4046450524070088
29.28,2.5469539071552467,-0.9119848009921429,-0.40464505245539784
29.3,2.560448306317606,-0.9267462038217403,-0.40464505250287686
29.32,2.5738228023058274,-0.9416163308996772,-0.40464505254912575
29.34,2.5870765191614247,-0.9565942083115996,-0.4046450525948388
29.36,2.6002085888363062,-0.9716788550860821,-0.4046450526400328
29.38,2.613218151249625,-0.9868692832588725,-0.40464505268404966
29.4,2.6261043543441107,-1.0021644979375983,-0.4046450527265682
29.42,2.6388663541418778,-1.017563497366935,-0.40464505276929413
29.44,2.651503314799686,-1.033065272994191,-0.40464505281089247
29.46,2.664014408663699,-1.0486688095353882,-0.4046450528517166
29.48,2.676398816323693,-1.064373085041751,-0.40464505289212016
29.5,2.6886557266667115,-1.0801770709666303,-0.404645052930767
29.52,2.7007843369302007,-1.096079732232883,-0.4046450529696987
29.54,2.7127838527545753,-1.1120800273006417,-0.40464505300757864
29.56,2.7246534882352496,-1.1281769082355473,-0.4046450530447593
29.58,2.736392465974114,-1.1443693207773822,-0.40464505308159265
29.6,2.7480000171304493,-1.1606562044091158,-0.4046450531174165
29.62,2.759475381471276,-1.17703649242636,-0.4046450531519064
29.64,2.7708178074211514,-1.193509112007235,-0.4046450531864271
29.66,2.782026552111389,-1.2100729842826345,-0.4046450532206536
29.68,2.7931008814287055,-1.226727024406866,-0.40464505325324623
29.7,2.8040400700633166,-1.2434701416287308,-0.4046450532852297
29.72,2.814843401556442,-1.2603012393629625,-0.4046450533169543
29.74,2.825510168347205,-1.2772192152620097,-0.40464505334708056
29.76,2.836039671819023,-1.2942229612883107,-0.4046450533773101
29.78,2.8464312223453176,-1.3113113637867968,-0.40464505340731666
29.8,2.856684139334699,-1.3284833035578483,-0.40464505343643636
29.82,2.866797751275533,-1.3457376559305925,-0.4046450534650186
29.84,2.8767713957799175,-1.3630732908365573,-0.4046450534923988
29.86,2.88660441962709,-1.3804890728837127,-0.4046450535202803
29.88,2.8962961788061947,-1.3979838614308246,-0.40464505354736147
29.9,2.9058460385584577,-1.4155565106621428,-0.404645053574287
29.92,2.915253373418762,-1.4332058696624552,-0.4046450536003907
29.94,2.924517567256613,-1.4509307824924609,-0.40464505362601977
29.96,2.933638013316486,-1.4687300882644705,-0.40464505365050774
29.98,2.942614114257589,-1.4866026212184809,-0.40464505367555287
30.02,2.960130938727992,-1.5225626817291738,-0.4046450537236295
30.04,2.9686705149982813,-1.5406478540928386,-0.4046450537473261
30.06,2.977063451706919,-1.5588015434067282,-0.40464505377023097
30.08,2.985309199161104,-1.5770225607005848,-0.4046450537926886
30.1,2.9934072173081456,-1.5953097125945082,-0.40464505381403054
30.12,3.001356975770846,-1.6136618013771566,-0.4046450538356149
30.14,3.0091579538822337,-1.632077625084176,-0.4046450538571108
30.16,3.0168096407196545,-1.650555977576895,-0.40464505387784944
30.18,3.02431153513824,-1.6690956486213422,-0.40464505389817557
30.2,3.0316631458037295,-1.6876954239675055,-0.4046450539180957
30.22,3.038863991224652,-1.70635408542886,-0.40464505393761663
30.24,3.0459135997838573,-1.7250704109621526,-0.4046450539567451
30.26,3.0528115097694073,-1.7438431747474414,-0.4046450539758254
30.28,3.059557269404817,-1.7626711472683751,-0.4046450539941883
30.3,3.066150436878629,-1.7815530953926961,-0.4046450540115025
30.32,3.072590580373383,-1.8004877824530838,-0.40464505402912565
30.34,3.0788772780938696,-1.8194739683280774,-0.40464505404638806
30.36,3.0850101182947607,-1.8385104095233118,-0.40464505406329626
30.38,3.090988699307576,-1.857595859252966,-0.4046450540798563
30.4,3.096812629567,-1.87672906752142,-0.404645054096074
30.42,3.102481527636516,-1.895908781205123,-0.4046450541119556
30.44,3.1079950222333914,-1.9151337441346652,-0.40464505412750684
30.46,3.1133527522530002,-1.9344026971770527,-0.4046450541427334
30.48,3.118554366792465,-1.9537143783181716,-0.40464505415764124
30.5,3.123599525173647,-1.9730675227454433,-0.40464505417223584
30.52,3.128487896965453,-1.992460862930667,-0.40464505418652486
30.54,3.13321916200548,-2.0118931287130297,-0.4046450542005148
30.56,3.1377930104209826,-2.0313630473823014,-0.40464505421421104
30.58,3.142209142649169,-2.050869343762183,-0.40464505422761854
30.6,3.1464672694568185,-2.070410740293834,-0.40464505424074265
30.62,3.150567111959231,-2.089985957119537,-0.40464505425358815
30.64,3.1545084016384846,-2.1095937121665256,-0.40464505426615816
30.66,3.158290880361025,-2.129232721230953,-0.4046450542784581
30.68,3.1619143003945775,-2.148901698062012,-0.4046450542911684
30.7,3.165378424424365,-2.1685993544461595,-0.40464505430294245
30.72,3.1686830255686456,-2.1883244002914677,-0.40464505431412273
30.74,3.1718278873935857,-2.2080755437121646,-0.4046450543253894
30.76,3.174812803927429,-2.2278514911132166,-0.40464505433674663
30.78,3.177637579673989,-2.24765094727509,-0.4046450543471854
30.8,3.1803020296254423,-2.2674726154385043,-0.4046450543573857
30.82,3.182805979274465,-2.287315197389463,-0.4046450543680272
30.84,3.1851492646256423,-2.307177393544183,-0.4046450543777629
30.86,3.187331732206221,-2.3270579030342793,-0.40464505438794796
30.88,3.1893532390761594,-2.3469554237919446,-0.40464505439723486
30.9,3.191213652837484,-2.3668686526351945,-0.40464505440630355
30.92,3.192912851642971,-2.386796285353293,-0.4046450544158332
30.94,3.1944507242041147,-2.406737016792084,-0.40464505442447635
30.96,3.1958271697984237,-2.4266895409395293,-0.404645054433588
30.98,3.1970420982760155,-2.4466525510112587,-0.4046450544418206
31.02,3.1989870961793025,-2.4866047984416864,-0.4046450544583647
31.04,3.199717038217955,-2.506591419140323,-0.40464505446601756
31.06,3.2002852083741478,-2.526583292614427,-0.4046450544735018
31.08,3.200691569435751,-2.5465791095024457,-0.4046450544814967
31.1,3.2009360947882675,-2.5665775601845433,-0.40464505448865434
31.12,3.2010187684165836,-2.5865773348683616,-0.40464505449565386
31.14,3.2009395849060116,-2.606577123674861,-0.40464505450317395
31.16,3.2006985494426474,-2.6265756167240615,-0.40464505450919047
31.18,3.200295677813032,-2.646571504220804,-0.4046450545156798
31.2,3.1997309964031175,-2.6665634765406496,-0.40464505452200966
31.22,3.1990045421965347,-2.686550224315564,-0.40464505452819105
31.24,3.1981163627721743,-2.7065304385196565,-0.4046450545335516
31.26,3.1970665163010716,-2.726502810554997,-0.4046450545394557
31.28,3.195855071542593,-2.7464660323372674,-0.4046450545452276
31.3,3.1944821078399372,-2.766418796381417,-0.4046450545501886
31.32,3.192947715114936,-2.786359795887337,-0.40464505455569266
31.34,3.1912519938621626,-2.80628772482545,-0.4046450545610668
31.36,3.1893950551423536,-2.826201278022214,-0.4046450545656382
31.38,3.187377020575136,-2.8460991512455958,-0.40464505457076066
31.4,3.185198022331056,-2.8659800412905696,-0.4046450545757613
31.42,3.182858203122926,-2.8858426460644053,-0.4046450545806426
31.44,3.180357716196484,-2.9056856646719176,-0.4046450545847314
31.46,3.1776967253203443,-2.9255077975007553,-0.4046450545893814
31.48,3.1748754047752805,-2.9453077463064528,-0.4046450545939193
31.5,3.1718939393428,-2.9650842142975202,-0.4046450545976719
31.52,3.1687525242930668,-2.984835906220263,-0.40464505460199296
31.54,3.165451365372083,-3.004561528443747,-0.4046450546055333
31.56,3.1619906787882295,-3.0242597890444425,-0.40464505461032185
31.58,3.1583706911980975,-3.0439293978908903,-0.40464505461365874
31.6,3.1545916396916582,-3.063569066728118,-0.40464505461757255
31.62,3.1506537717767213,-3.0831775092620863,-0.4046450546207143
31.64,3.1465573453627234,-3.102753441243927,-0.40464505462443745
31.66,3.142302628743843,-3.122295580554033,-0.40464505462806805
31.68,3.137889900581424,-3.141802647286055,-0.4046450546316084
31.7,3.1333194498857404,-3.161273363830655,-0.40464505463438477
31.72,3.1285915759970395,-3.180706454959298,-0.40464505463775025
31.74,3.123706588565963,-3.2001006479076692,-0.4046450546403554
31.76,3.118664807533245,-3.2194546724591264,-0.4046450546435537
31.78,3.1134665631087715,-3.2387672610278266,-0.4046450546466711
31.8,3.108112195749954,-3.2580371487417477,-0.40464505464970923
31.82,3.1026020561394305,-3.277263073525531,-0.40464505465199424
31.84,3.0969365051620237,-3.2964437761834042,-0.40464505465902334
31.86,3.0911159138812994,-3.315578000480974,-0.4046450546619284
31.88,3.085140663515079,-3.334664493228148,-0.40464505466476053
31.9,3.079011145410495,-3.353702004361117,-0.40464505467032896
31.92,3.072727761018477,-3.3726892870238485,-0.40464505467328027
31.94,3.06629092186768,-3.3916250976491567,-0.4046450546405549
31.96,3.059701049536812,-3.410508196042283,-0.40464505464206096
31.98,3.052958575627301,-3.4293373454612004,-0.4046450546428296
32.02,3.039017599422999,-3.4668288681532635,-0.404645054646215
32.04,3.0318200101881367,-3.4854887859307127,-0.4046450546468079
32.06,3.024471645434676,-3.504089843903424,-0.40464505464802086
32.08,3.0169729864414987,-3.522630823800844,-0.40464505464850414
32.1,3.009324524330955,-3.5411105112872283,-0.4046450546502863
32.12,3.0015267600367013,-3.55952769604117,-0.404645054650666
32.14,2.993580204270906,-3.577881171834835,-0.4046450546516717
32.16,2.985485377490769,-3.5961697366130334,-0.40464505465262907
32.18,2.977242809864478,-3.6143921925718434,-0.4046450546535394
32.2,2.9688530412364456,-3.6325473462371622,-0.40464505465440426
32.22,2.960316621091965,-3.6506340085428324,-0.40464505465522455
32.24,2.951634108521248,-3.6686509949084702,-0.4046450546560018
32.26,2.942806072182758,-3.6865971253171503,-0.4046450546567372
32.28,2.933833090266002,-3.704471224392619,-0.4046450546567564
32.3,2.924715750453668,-3.722272121476262,-0.40464505465741185
32.32,2.9154546498830967,-3.7399986507038503,-0.40464505465870465
32.34,2.906050395107204,-3.757649651081843,-0.404645054658609
32.36,2.896503602054755,-3.7752239665634093,-0.4046450546591528
32.38,2.88681489599,-3.7927204461242114,-0.4046450546603373
32.4,2.876984911471745,-3.810137943837735,-0.4046450546601369
32.42,2.867014292311796,-3.8274753189503365,-0.4046450546605794
32.44,2.8569036915327555,-3.84473143595602,-0.40464505466235035
32.46,2.846653771325271,-3.8619051646707843,-0.40464505466342604
32.48,2.8362652030047215,-3.8789953803065313,-0.40464505466380624
32.5,2.8257386669671596,-3.8960009635449024,-0.4046450546655186
32.52,2.815074852644797,-3.912920800610498,-0.4046450546665369
32.54,2.8042744584608728,-3.9297537833437954,-0.404645054666862
32.56,2.793338191783855,-3.9464988092738054,-0.4046450546685215
32.58,2.7822667688811045,-3.9631547816902963,-0.40464505467761985
32.6,2.7710609148718737,-3.9797206097157476,-0.4046450546794116
32.62,2.7597213636802627,-3.996195208376135,-0.4046450546825578
32.64,2.7482488579866775,-4.012577498672696,-0.40464505468435524
32.66,2.7366441491793356,-4.028866407652387,-0.40464505468615547
32.68,2.7249079973050274,-4.045060868478182,-0.404645054689309
32.7,2.7130411710194084,-4.061159820498848,-0.40464505469111306
32.72,2.7010444475365953,-4.077162209318501,-0.40464505469291884
32.74,2.688918612578262,-4.093066986865659,-0.4046450546960774
32.76,2.6766644603222325,-4.108873111461813,-0.404645054697886
32.78,2.664282793350421,-4.124579547889717,-0.4046450546996953
32.8,2.6517744225962563,-4.140185267461199,-0.40464505470218115
32.82,2.639140167291628,-4.155689248084458,-0.4046450547039919
32.84,2.626380854913178,-4.171090474331078,-0.40464505470580314
32.86,2.6134973211281105,-4.186387937502526,-0.40464505470829026
32.88,2.6004904097394905,-4.2015806356961685,-0.404645054710102
32.9,2.5873609726309645,-4.216667573870929,-0.4046450547119138
32.92,2.5741098697109432,-4.23164776391247,-0.40464505471440126
32.94,2.5607379688563086,-4.24652022469788,-0.4046450547162123
32.96,2.5472461458555835,-4.261283982159926,-0.40464505471802326
32.98,2.533635284351543,-4.275938069350877,-0.4046450547198337
33.02,2.5060600193281246,-4.304913401105583,-0.4046450547241286
33.04,2.4920974218422214,-4.319232747938923,-0.40464505472526163
33.06,2.4780193978016074,-4.333438629164686,-0.4046450547277451
33.08,2.46382686924211,-4.347530114373077,-0.4046450547295524
33.1,2.449520765699119,-4.36150628064651,-0.40464505470088796
33.12,2.435102024147335,-4.375366212619466,-0.40464505470150325
33.14,2.420571588936813,-4.389109002540936,-0.4046450547027995
33.16,2.4059304117339133,-4.4027337503311434,-0.4046450547034255
33.18,2.3911794514580027,-4.416239563641452,-0.40464505470473283
33.2,2.3763196742186703,-4.429625557912789,-0.40464505470537004
33.22,2.3613520532524137,-4.442890856433605,-0.4046450547066886
33.24,2.3462775688589574,-4.45603459039727,-0.40464505470733764
33.26,2.3310972083369728,-4.469055898959006,-0.4046450547086683
33.28,2.315811965919497,-4.481953929292218,-0.4046450547093293
33.3,2.300422842708731,-4.494727836644418,-0.40464505471067236
33.32,2.284930846610538,-4.507376784392493,-0.4046450547120219
33.34,2.2693369922684057,-4.519899944097528,-0.4046450547133778
33.36,2.2536423009970283,-4.532296495559027,-0.4046450547140646
33.38,2.2378478007153317,-4.544565626868707,-0.4046450547154339
33.4,2.2219545258792475,-4.556706534463589,-0.4046450547161341
33.42,2.2059635174138736,-4.5687184231787015,-0.4046450547175168
33.44,2.189875822645381,-4.580600506299094,-0.40464505471823076
33.46,2.173692495232345,-4.592352005611422,-0.4046450547203031
33.48,2.1574145950967747,-4.6039721514548795,-0.40464505472103124
33.5,2.1410431883547236,-4.615460182771595,-0.40464505472244205
33.52,2.124579347246412,-4.626815347156508,-0.4046450547231844
33.54,2.1080241500660284,-4.638036900906636,-0.40464505472460965
33.56,2.091378681091072,-4.649124109069796,-0.40464505472536655
33.58,2.074644030511396,-4.660076245492714,-0.4046450547268065
33.6,2.057821294357735,-4.6708925928686185,-0.404645054728254
33.62,2.0409115744300235,-4.6815724427841605,-0.4046450547290332
33.64,2.02391597822513,-4.69211509576588,-0.40464505473049556
33.66,2.006835618864367,-4.702519861325981,-0.4046450547312897
33.68,1.9896716150205795,-4.712786058007566,-0.4046450547327674
33.7,1.9724250908448766,-4.722913013429262,-0.40464505473425244
33.72,1.9550971758931603,-4.732900064329182,-0.4046450547114123
33.74,1.9376890050526516,-4.742746556608075,-0.4046450547135871
33.76,1.920201718465184,-4.752451845373513,-0.4046450547150939
33.78,1.9026364614551896,-4.762015294980604,-0.4046450547172843
33.8,1.8849943844537422,-4.771436279074177,-0.40464505471880674
33.82,1.8672766429232073,-4.780714180629796,-0.40464505472033746
33.84,1.8494843972815895,-4.789848391994162,-0.4046450547225518
33.86,1.831618812826522,-4.798838314924923,-0.40464505472477436
33.88,1.813681059658923,-4.80768336062986,-0.4046450547256537
33.9,1.7956723126063763,-4.816382949805444,-0.4046450547278927
33.92,1.7775937511462148,-4.824936512674764,-0.4046450547301399
33.94,1.759446559328229,-4.833343489024864,-0.4046450547323955
33.96,1.7412319256971214,-4.841603328243436,-0.4046450547333083
33.98,1.7229510432146853,-4.84971548935486,-0.40464505473558066
34.02,1.6861953251593664,-4.865494661749245,-0.4046450547401512
34.04,1.66772289689085,-4.873160639580197,-0.40464505474109796
34.06,1.6491890342221107,-4.880676872467649,-0.40464505474340473
34.08,1.6305949510227564,-4.888042868138246,-0.40464505474572016
34.1,1.6119418651065105,-4.8952581441583884,-0.4046450547473687
34.12,1.5932309981514554,-4.902322227965803,-0.4046450547490259
34.14,1.574463575620041,-4.9092346569005025,-0.40464505475136753
34.16,1.5556408266788053,-4.915994978235087,-0.404645054753718
34.18,1.5367639841178564,-4.922602749204405,-0.40464505475540186
34.2,1.5178342842701666,-4.929057537034537,-0.4046450547570944
34.22,1.4988529669305661,-4.935358918971149,-0.4046450547594715
34.24,1.4798212752745612,-4.941506482307182,-0.4046450547611818
34.26,1.4607404557769117,-4.947499824409873,-0.4046450547635768
34.28,1.4416117581299956,-4.953338552747132,-0.4046450547659809
34.3,1.4224364351619379,-4.959022284913252,-0.4046450547670426
34.32,1.4032157427545795,-4.9645506486539555,-0.40464505476946466
34.34,1.383950939761237,-4.969923281890761,-0.4046450547718957
34.36,1.3646432879242179,-4.975139832744721,-0.4046450547736601
34.38,1.3452940517922019,-4.980199959559446,-0.404645054776109
34.4,1.3259044986374318,-4.985103330923492,-0.40464505477789164
34.42,1.306475898372687,-4.989849625692069,-0.4046450547796833
34.44,1.287009523468128,-4.994438533008072,-0.4046450547821598
34.46,1.2675066488679698,-4.998869752322426,-0.4046450547846455
34.48,1.2479685519069454,-5.003142993413796,-0.4046450547864644
34.5,1.2283965122266656,-5.007257976407576,-0.4046450547889682
34.52,1.2087918116918261,-5.011214431794228,-0.4046450547908052
34.54,1.1891557343062436,-5.015012100446921,-0.40464505479197355
34.56,1.1694895661287306,-5.01865073363852,-0.4046450547938245
34.58,1.14979459518891,-5.022130093057865,-0.40464505479500684
34.6,1.1300721114028098,-5.02544995082539,-0.4046450547961962
34.62,1.1103234064883887,-5.028610089508037,-0.4046450547980691
34.64,1.0905497738809729,-5.031610302133498,-0.40464505479994983
34.66,1.0707525086484984,-5.034450392203778,-0.4046450548011633
34.68,1.0509329074067384,-5.037130173708053,-0.40464505480306145
34.7,1.0310922682343797,-5.039649471134855,-0.4046450548042935
34.72,1.0112318905879052,-5.042008119483589,-0.404645054805558
34.74,0.9913530752166133,-5.044205964275304,-0.40464505480753044
34.76,0.9714571240773717,-5.046242861562836,-0.40464505480951357
34.78,0.9515453402493325,-5.048118677940224,-0.4046450548108311
34.8,0.9316190278486317,-5.049833290551456,-0.4046450548121581
34.82,0.9116794919429686,-5.051386587098504,-0.4046450548141701
34.84,0.8917280384660328,-5.052778465848697,-0.40464505481551544
34.86,0.871765974132113,-5.05400883564136,-0.4046450548175449
34.88,0.8517946063504389,-5.055077615893806,-0.40464505481889235
34.9,0.831815243139552,-5.055984736606602,-0.4046450548208917
34.92,0.811829193041683,-5.056730138368154,-0.40464505482286606
34.94,0.7918377650369928,-5.057313772358607,-0.4046450548234623
34.96,0.7718422684579048,-5.0577356003530305,-0.4046450548253821
34.98,0.751844012903263,-5.057995594723928,-0.4046450548272728
35.02,0.7118444640804406,-5.058030025082509,-0.40464505483028707
35.04,0.6918457905703473,-5.05780445881518,-0.40464505483140883
35.06,0.6718495974292659,-5.057417054414456,-0.4046450548331734
35.08,0.6518571943016913,-5.056867837253273,-0.40464505483422913
35.1,0.6318698905838641,-5.056156843302437,-0.40464505483592644
35.12,0.6118889953380824,-5.0552841191282765,-0.40464505483758917
35.14,0.5919158172068889,-5.0542497218895885,-0.40464505483786584
35.16,0.571951664327437,-5.053053719333902,-0.4046450548394583
35.18,0.5519978442457099,-5.0516961897930335,-0.4046450548403395
35.2,0.5320556638309922,-5.05017722217796,-0.4046450548418603
35.22,0.5121264291901919,-5.048496915972991,-0.40464505484334506
